run_id,prompt_variant,topK,temperature,json_validity_rate,driving_analysis_non_empty_rate,recommendation_coverage_avg,latency_avg_ms,latency_p95_ms,metadata
batch_b_01,batch_b_control_prose_strict_k8_t03,8,0.3,0.8000,1.0000,0.7222,3933.32,4165.04,"{""batch"": ""B"", ""source_batch_a"": [""batch_a_03""], ""factor_family"": ""prose_strict"", ""factor_topk"": 8, ""factor_temperature"": 0.3, ""notes"": ""Control del mejor score global de Batch A para medir delta neta."", ""rationale"": ""Mantener un ancla evita atribuir mejoras a ruido de ejecucion.""}"
batch_b_02,batch_b_control_structured_loose_k8_t0,8,0.0,0.6500,1.0000,0.6111,3902.65,4311.46,"{""batch"": ""B"", ""source_batch_a"": [""batch_a_06""], ""factor_family"": ""structured_loose"", ""factor_topk"": 8, ""factor_temperature"": 0.0, ""notes"": ""Control del perfil mas rapido con score alto en Batch A."", ""rationale"": ""Permite comparar robustez de parseo con sesgo de latencia favorable.""}"
batch_b_03,batch_b_prose_strict_json_only_k8_t02,8,0.2,0.5000,1.0000,0.3889,3751.78,3874.81,"{""batch"": ""B"", ""source_batch_a"": [""batch_a_03"", ""batch_a_04""], ""factor_family"": ""prose_strict"", ""factor_topk"": 8, ""factor_temperature"": 0.2, ""notes"": ""Refina el ganador prose-strict reduciendo ruido de muestreo."", ""rationale"": ""T=0.2 puede conservar cobertura de T=0.3 con mejor validez JSON.""}"
batch_b_04,batch_b_prose_strict_json_only_k8_t01,8,0.1,0.5500,1.0000,0.6389,3845.23,4099.36,"{""batch"": ""B"", ""source_batch_a"": [""batch_a_03"", ""batch_a_04""], ""factor_family"": ""prose_strict"", ""factor_topk"": 8, ""factor_temperature"": 0.1, ""notes"": ""Version mas determinista de la variante prose-strict refinada."", ""rationale"": ""Busca reducir fallos de parseo del chief sin colapsar coverage.""}"
batch_b_05,batch_b_structured_loose_guarded_k8_t01,8,0.1,0.7500,1.0000,0.8333,3803.94,4010.00,"{""batch"": ""B"", ""source_batch_a"": [""batch_a_05"", ""batch_a_06""], ""factor_family"": ""structured_loose_guarded"", ""factor_topk"": 8, ""factor_temperature"": 0.1, ""notes"": ""Refina el perfil structured-loose con guardrails de formato."", ""rationale"": ""Mantener estilo checklist pero reduciendo deriva textual.""}"
batch_b_06,batch_b_structured_loose_guarded_k8_t02,8,0.2,0.6500,1.0000,0.8333,3885.81,4047.66,"{""batch"": ""B"", ""source_batch_a"": [""batch_a_05"", ""batch_a_06""], ""factor_family"": ""structured_loose_guarded"", ""factor_topk"": 8, ""factor_temperature"": 0.2, ""notes"": ""Misma variante guarded con algo mas de diversidad."", ""rationale"": ""Contrasta si un poco de creatividad recupera cobertura perdida.""}"
batch_b_07,batch_b_hybrid_strict_compact_k8_t0,8,0.0,0.8500,1.0000,1.0000,3813.77,4153.84,"{""batch"": ""B"", ""source_batch_a"": [""batch_a_03"", ""batch_a_06""], ""factor_family"": ""hybrid_strict_compact"", ""factor_topk"": 8, ""factor_temperature"": 0.0, ""notes"": ""Fusiona disciplina de formato con tono compacto."", ""rationale"": ""Busca maxima estabilidad de parseo para pipelines sensibles.""}"
batch_b_08,batch_b_hybrid_strict_compact_k8_t02,8,0.2,0.7500,1.0000,0.8333,3837.83,4052.40,"{""batch"": ""B"", ""source_batch_a"": [""batch_a_03"", ""batch_a_06""], ""factor_family"": ""hybrid_strict_compact"", ""factor_topk"": 8, ""factor_temperature"": 0.2, ""notes"": ""Version de hybrid strict con variacion moderada."", ""rationale"": ""Valida equilibrio entre robustez JSON y riqueza de contenido.""}"
