rank,run_id,prompt_variant,topK,temperature,composite_score,json_validity_rate,coverage_avg,driving_non_empty_rate,latency_avg_ms,latency_p95_ms,specialist_json_invalid,chief_none_or_invalid,empty_driving_analysis
1,batch_b_07,batch_b_hybrid_strict_compact_k8_t0,8,0.0,0.9325,0.8500,1.0000,1.0000,3813.77,4153.84,2,1,0
2,batch_b_05,batch_b_structured_loose_guarded_k8_t01,8,0.1,0.8292,0.7500,0.8333,1.0000,3803.94,4010.00,5,0,0
3,batch_b_08,batch_b_hybrid_strict_compact_k8_t02,8,0.2,0.8292,0.7500,0.8333,1.0000,3837.83,4052.40,3,2,0
4,batch_b_01,batch_b_control_prose_strict_k8_t03,8,0.3,0.8128,0.8000,0.7222,1.0000,3933.32,4165.04,2,2,0
5,batch_b_06,batch_b_structured_loose_guarded_k8_t02,8,0.2,0.7842,0.6500,0.8333,1.0000,3885.81,4047.66,4,3,0
6,batch_b_02,batch_b_control_structured_loose_k8_t0,8,0.0,0.7064,0.6500,0.6111,1.0000,3902.65,4311.46,6,1,0
7,batch_b_04,batch_b_prose_strict_json_only_k8_t01,8,0.1,0.6711,0.5500,0.6389,1.0000,3845.23,4099.36,8,1,0
8,batch_b_03,batch_b_prose_strict_json_only_k8_t02,8,0.2,0.5611,0.5000,0.3889,1.0000,3751.78,3874.81,9,1,0
